{
    "84:b2:61:47:d6:b2": [
        "84:b2:61:47:d6:b2",
        "84:b2:61:47:d6:b1",
        "84:b2:61:47:d6:b0"
    ],
    "60:38:e0:2e:76:1d": [
        "60:38:e0:2e:76:1d"
    ],
    "84:b2:61:65:c3:22": [
        "84:b2:61:65:c3:22",
        "84:b2:61:65:c3:21",
        "84:b2:61:65:c3:20"
    ],
    "e4:aa:5d:84:a7:df": [
        "e4:aa:5d:84:a7:df",
        "e4:aa:5d:84:a7:de",
        "e4:aa:5d:84:a7:dd"
    ],
    "e4:aa:5d:84:a7:d2": [
        "e4:aa:5d:84:a7:d2",
        "e4:aa:5d:84:a7:d1",
        "e4:aa:5d:84:a7:d0"
    ],
    "84:b2:61:47:dd:df": [
        "84:b2:61:47:dd:df",
        "84:b2:61:47:dd:de",
        "84:b2:61:47:dd:dd"
    ],
    "e4:aa:5d:92:31:6f": [
        "e4:aa:5d:92:31:6f",
        "e4:aa:5d:92:31:6e",
        "e4:aa:5d:92:31:6d"
    ],
    "54:b8:0a:a9:5c:38": [
        "54:b8:0a:a9:5c:38"
    ],
    "60:38:e0:2e:76:36": [
        "60:38:e0:2e:76:36",
        "60:38:e0:2e:76:35"
    ],
    "e4:aa:5d:4e:1b:22": [
        "e4:aa:5d:4e:1b:22",
        "e4:aa:5d:4e:1b:21",
        "e4:aa:5d:4e:1b:20"
    ],
    "84:b2:61:5e:8c:12": [
        "84:b2:61:5e:8c:12",
        "84:b2:61:5e:8c:11",
        "84:b2:61:5e:8c:10"
    ],
    "e4:aa:5d:92:31:62": [
        "e4:aa:5d:92:31:62",
        "e4:aa:5d:92:31:61",
        "e4:aa:5d:92:31:60"
    ],
    "84:b2:61:47:dd:d2": [
        "84:b2:61:47:dd:d2",
        "84:b2:61:47:dd:d1",
        "84:b2:61:47:dd:d0"
    ],
    "e4:aa:5d:4e:1b:2f": [
        "e4:aa:5d:4e:1b:2f",
        "e4:aa:5d:4e:1b:2e",
        "e4:aa:5d:4e:1b:2d"
    ],
    "54:b8:0a:a9:5c:3a": [
        "54:b8:0a:a9:5c:3a"
    ],
    "84:b2:61:47:d6:be": [
        "84:b2:61:47:d6:be",
        "84:b2:61:47:d6:bd",
        "84:b2:61:47:d6:bf"
    ],
    "60:38:e0:2e:76:1e": [
        "60:38:e0:2e:76:1e"
    ],
    "e4:aa:5d:8e:0c:62": [
        "e4:aa:5d:8e:0c:62",
        "e4:aa:5d:8e:0c:61",
        "e4:aa:5d:8e:0c:60"
    ],
    "e4:aa:5d:4e:1c:a2": [
        "e4:aa:5d:4e:1c:a2",
        "e4:aa:5d:4e:1c:a1",
        "e4:aa:5d:4e:1c:a0"
    ],
    "84:b2:61:5e:62:bf": [
        "84:b2:61:5e:62:bf",
        "84:b2:61:5e:62:be",
        "84:b2:61:5e:62:bd"
    ],
    "84:b2:61:5e:5f:02": [
        "84:b2:61:5e:5f:02",
        "84:b2:61:5e:5f:01",
        "84:b2:61:5e:5f:00"
    ],
    "e4:aa:5d:8e:0c:6f": [
        "e4:aa:5d:8e:0c:6f",
        "e4:aa:5d:8e:0c:6e",
        "e4:aa:5d:8e:0c:6d"
    ],
    "84:b2:61:5e:62:b2": [
        "84:b2:61:5e:62:b2",
        "84:b2:61:5e:62:b1",
        "84:b2:61:5e:62:b0"
    ],
    "84:b2:61:5e:8f:0f": [
        "84:b2:61:5e:8f:0f",
        "84:b2:61:5e:8f:0e",
        "84:b2:61:5e:8f:0d"
    ],
    "84:b2:61:5e:8f:02": [
        "84:b2:61:5e:8f:02",
        "84:b2:61:5e:8f:01",
        "84:b2:61:5e:8f:00"
    ],
    "84:b2:61:6d:55:ff": [
        "84:b2:61:6d:55:ff",
        "84:b2:61:6d:55:fe",
        "84:b2:61:6d:55:fd"
    ],
    "e4:aa:5d:8e:07:5f": [
        "e4:aa:5d:8e:07:5f",
        "e4:aa:5d:8e:07:5e",
        "e4:aa:5d:8e:07:5d"
    ],
    "84:b2:61:40:75:f2": [
        "84:b2:61:40:75:f2",
        "84:b2:61:40:75:f1",
        "84:b2:61:40:75:f0"
    ],
    "84:b2:61:6d:5c:3f": [
        "84:b2:61:6d:5c:3f",
        "84:b2:61:6d:5c:3e",
        "84:b2:61:6d:5c:3d"
    ],
    "84:b2:61:6d:57:7f": [
        "84:b2:61:6d:57:7f",
        "84:b2:61:6d:57:7e",
        "84:b2:61:6d:57:7d"
    ],
    "84:b2:61:6d:5c:32": [
        "84:b2:61:6d:5c:32",
        "84:b2:61:6d:5c:31",
        "84:b2:61:6d:5c:30"
    ],
    "84:b2:61:6d:5d:7f": [
        "84:b2:61:6d:5d:7f",
        "84:b2:61:6d:5d:7e",
        "84:b2:61:6d:5d:7d"
    ],
    "84:b2:61:6d:5d:72": [
        "84:b2:61:6d:5d:72",
        "84:b2:61:6d:5d:71",
        "84:b2:61:6d:5d:70"
    ],
    "84:b2:61:6d:55:f2": [
        "84:b2:61:6d:55:f2",
        "84:b2:61:6d:55:f1",
        "84:b2:61:6d:55:f0"
    ],
    "84:b2:61:47:e2:c2": [
        "84:b2:61:47:e2:c2",
        "84:b2:61:47:e2:c1",
        "84:b2:61:47:e2:c0"
    ],
    "e4:aa:5d:8e:07:52": [
        "e4:aa:5d:8e:07:52",
        "e4:aa:5d:8e:07:51",
        "e4:aa:5d:8e:07:50"
    ],
    "84:b2:61:6d:57:72": [
        "84:b2:61:6d:57:72",
        "84:b2:61:6d:57:71",
        "84:b2:61:6d:57:70"
    ],
    "e4:aa:5d:8e:0d:ff": [
        "e4:aa:5d:8e:0d:ff",
        "e4:aa:5d:8e:0d:fe",
        "e4:aa:5d:8e:0d:fd"
    ],
    "84:b2:61:65:c3:c2": [
        "84:b2:61:65:c3:c2",
        "84:b2:61:65:c3:c1",
        "84:b2:61:65:c3:c0"
    ],
    "84:b2:61:56:8a:82": [
        "84:b2:61:56:8a:82",
        "84:b2:61:56:8a:81",
        "84:b2:61:56:8a:80"
    ],
    "84:b2:61:65:f2:21": [
        "84:b2:61:65:f2:22",
        "84:b2:61:65:f2:21",
        "84:b2:61:65:f2:20"
    ],
    "84:b2:61:56:8a:8f": [
        "84:b2:61:56:8a:8f",
        "84:b2:61:56:8a:8e",
        "84:b2:61:56:8a:8d"
    ],
    "e4:aa:5d:84:a8:72": [
        "e4:aa:5d:84:a8:72",
        "e4:aa:5d:84:a8:71",
        "e4:aa:5d:84:a8:70"
    ],
    "84:b2:61:65:f2:2f": [
        "84:b2:61:65:f2:2f",
        "84:b2:61:65:f2:2e",
        "84:b2:61:65:f2:2d"
    ],
    "e4:aa:5d:4e:1c:7f": [
        "e4:aa:5d:4e:1c:7f",
        "e4:aa:5d:4e:1c:7e",
        "e4:aa:5d:4e:1c:7d"
    ],
    "84:b2:61:65:c3:bf": [
        "84:b2:61:65:c3:bf",
        "84:b2:61:65:c3:be",
        "84:b2:61:65:c3:bd"
    ],
    "84:b2:61:65:c3:2f": [
        "84:b2:61:65:c3:2f",
        "84:b2:61:65:c3:2e",
        "84:b2:61:65:c3:2d"
    ],
    "84:b2:61:5e:5f:0f": [
        "84:b2:61:5e:5f:0f",
        "84:b2:61:5e:5f:0e",
        "84:b2:61:5e:5f:0d"
    ],
    "84:b2:61:6d:52:a2": [
        "84:b2:61:6d:52:a2",
        "84:b2:61:6d:52:a1",
        "84:b2:61:6d:52:a0"
    ],
    "84:b2:61:6d:52:af": [
        "84:b2:61:6d:52:af",
        "84:b2:61:6d:52:ae",
        "84:b2:61:6d:52:ad"
    ],
    "84:b2:61:47:dd:42": [
        "84:b2:61:47:dd:42",
        "84:b2:61:47:dd:41",
        "84:b2:61:47:dd:40"
    ],
    "84:b2:61:47:dd:4f": [
        "84:b2:61:47:dd:4f",
        "84:b2:61:47:dd:4e",
        "84:b2:61:47:dd:4d"
    ],
    "84:b2:61:6d:3d:22": [
        "84:b2:61:6d:3d:22",
        "84:b2:61:6d:3d:21",
        "84:b2:61:6d:3d:20"
    ],
    "84:b2:61:56:8a:0f": [
        "84:b2:61:56:8a:0f",
        "84:b2:61:56:8a:0e",
        "84:b2:61:56:8a:0d"
    ],
    "84:b2:61:5e:44:2f": [
        "84:b2:61:5e:44:2f",
        "84:b2:61:5e:44:2e",
        "84:b2:61:5e:44:2d"
    ],
    "84:b2:61:5e:8b:ff": [
        "84:b2:61:5e:8b:ff",
        "84:b2:61:5e:8b:fe",
        "84:b2:61:5e:8b:fd"
    ],
    "10:be:f5:1c:64:86": [
        "10:be:f5:1c:64:86",
        "10:be:f5:1c:64:85",
        "10:be:f5:1c:64:84"
    ],
    "e4:aa:5d:4e:1c:af": [
        "e4:aa:5d:4e:1c:af",
        "e4:aa:5d:4e:1c:ae",
        "e4:aa:5d:4e:1c:ad"
    ]

}
